thr_high,thr_low,score,balanced_accuracy,high_risk_f1,high_risk_precision,high_risk_recall
0.4,0.35,0.36420288760422775,0.7406517235036826,0.32421211549348933,0.3489033306255077,0.3027846316531547
